Sample	Up/Down	Total reads in sample	Matching reads
Ecoli_gut_CEF	Upstream	1441	780
Ecoli_gut_DOX	Upstream	1617	1331
Ecoli_soil_GEP	Upstream	925	765
Ecoli_soil_OMA	Upstream	1041	834
Klebsiella_gut_APS	Upstream	1786	1523
Ecoli_patho_CEF	Upstream	1973	1702
Ecoli_soil_DEL	Upstream	1089	614
Ecoli_soil_ERA	Upstream	725	628
Ecoli_soil_CFD	Upstream	982	807
Ecoli_patho_DEL	Upstream	1438	1267
Ecoli_gut_CFD	Upstream	1380	1195
Ecoli_gut_OMA	Upstream	3856	1916
Ecoli_patho_SUL	Upstream	1972	1621
Klebsiella_gut_ERA	Upstream	963	823
Ecoli_soil_DOX	Upstream	1720	1444
Ecoli_patho_GEN	Upstream	2067	1744
Ecoli_patho_CFD	Upstream	1818	1508
Klebsiella_patho_MOX	Upstream	1396	1051
Ecoli_soil_CEF	Upstream	1011	818
Ecoli_soil_MER	Upstream	1240	1032
Salmonella_gut_DEL	Upstream	1898	1597
Ecoli_gut_MER	Upstream	2150	1804
Ecoli_soil_APS	Upstream	2352	1166
Ecoli_patho_PXB	Upstream	1555	1330
Ecoli_patho_FOX	Upstream	1315	1029
Ecoli_patho_OMA	Upstream	1474	1219
Klebsiella_patho_GEN	Upstream	1367	1150
Ecoli_soil_FOX	Upstream	1564	1345
Ecoli_gut_PXB	Upstream	1450	1274
Ecoli_soil_MOX	Upstream	1679	1402
Klebsiella_gut_MOX	Upstream	1370	1048
Ecoli_gut_DEL	Upstream	2095	1765
Ecoli_patho_MOX	Upstream	2979	1592
Klebsiella_patho_OMA	Upstream	1087	893
Klebsiella_soil_GEP	Upstream	2223	1894
Ecoli_patho_DOX	Upstream	2968	1833
Klebsiella_patho_MER	Upstream	2818	2601
Ecoli_patho_MER	Upstream	2434	2121
Klebsiella_gut_DOX	Upstream	2413	2116
Ecoli_gut_ERA	Upstream	2397	2048
Klebsiella_gut_GEN	Upstream	1171	1010
Ecoli_gut_GEP	Upstream	1449	1219
Klebsiella_gut_SUL	Upstream	2543	46
Klebsiella_soil_GEN	Upstream	3129	2700
Klebsiella_gut_CEF	Upstream	4231	2141
Ecoli_gut_MOX	Upstream	1341	1126
Ecoli_soil_PXB	Upstream	3001	1321
Klebsiella_gut_DEL	Upstream	1296	1074
Klebsiella_patho_ERA	Upstream	2144	1296
Klebsiella_patho_CEF	Upstream	1594	1363
Klebsiella_patho_CFD	Upstream	1686	1428
Klebsiella_gut_FOX	Upstream	3721	2679
Ecoli_patho_GEP	Upstream	1544	993
Klebsiella_patho_GEP	Upstream	1604	1211
Salmonella_gut_DOX	Upstream	1452	1161
Ecoli_patho_ERA	Upstream	1687	1379
Klebsiella_soil_OMA	Upstream	1838	1427
Klebsiella_gut_CFD	Upstream	3352	2967
Klebsiella_gut_GEP	Upstream	1104	935
Klebsiella_patho_SUL	Upstream	929	827
Salmonella_gut_ERA	Upstream	2969	1675
Klebsiella_soil_APS	Upstream	1851	1513
Salmonella_gut_CFD	Upstream	1545	1159
Ecoli_soil_SUL	Upstream	3188	1927
Klebsiella_patho_DEL	Upstream	1631	1324
Salmonella_patho_ERA	Upstream	1136	905
Salmonella_patho_CEF	Upstream	3127	2235
Salmonella_gut_APS	Upstream	1313	1128
Klebsiella_soil_SUL	Upstream	2172	1766
Klebsiella_soil_DOX	Upstream	3485	2724
Salmonella_gut_MOX	Upstream	1521	1271
Klebsiella_soil_CFD	Upstream	1625	1292
Klebsiella_patho_DOX	Upstream	3728	3131
Klebsiella_soil_ERA	Upstream	3729	2628
Salmonella_gut_GEN	Upstream	1509	1283
Salmonella_patho_MER	Upstream	1013	821
Klebsiella_gut_OMA	Upstream	2372	2025
Klebsiella_soil_MOX	Upstream	1709	1255
Salmonella_gut_OMA	Upstream	1979	1667
Salmonella_soil_FOX	Upstream	1103	965
Salmonella_patho_SUL	Upstream	1620	1395
Klebsiella_patho_FOX	Upstream	3327	2282
Salmonella_patho_DOX	Upstream	2104	1727
Klebsiella_soil_CEF	Upstream	3603	3224
Salmonella_gut_GEP	Upstream	1779	1532
Klebsiella_soil_DEL	Upstream	2267	2016
Salmonella_patho_FOX	Upstream	1296	949
Salmonella_soil_GEN	Upstream	1737	1508
Salmonella_soil_DOX	Upstream	1737	1464
Klebsiella_soil_MER	Upstream	2532	2074
Salmonella_gut_FOX	Upstream	1052	798
Salmonella_soil_CEF	Upstream	2853	1658
Salmonella_soil_CFD	Upstream	2104	1838
Salmonella_patho_APS	Upstream	1352	962
Salmonella_soil_APS	Upstream	1787	1570
Salmonella_soil_ERA	Upstream	3632	2186
Shigella_patho_DOX	Upstream	1666	1314
Shigella_patho_CFD	Upstream	1742	1467
Salmonella_soil_OMA	Upstream	2764	2356
Salmonella_patho_GEN	Upstream	1353	1155
Salmonella_gut_CEF	Upstream	2732	1628
Salmonella_soil_MOX	Upstream	1569	1364
Salmonella_soil_DEL	Upstream	2054	1779
Shigella_gut_APS	Upstream	1324	1120
Shigella_gut_CFD	Upstream	4525	2750
Salmonella_patho_DEL	Upstream	1836	1434
Shigella_patho_GEN	Upstream	1630	1189
Shigella_patho_SUL	Upstream	1353	1122
Salmonella_patho_MOX	Upstream	1087	912
Salmonella_patho_CFD	Upstream	2078	1835
Shigella_gut_ERA	Upstream	1292	1152
Shigella_patho_GEP	Upstream	1886	1547
Shigella_patho_ERA	Upstream	3419	2042
Shigella_gut_MER	Upstream	2155	1551
Klebsiella_soil_FOX	Upstream	4623	2431
Shigella_patho_MOX	Upstream	3344	2430
Salmonella_patho_OMA	Upstream	2636	1371
Shigella_patho_FOX	Upstream	2174	1824
Salmonella_patho_GEP	Upstream	1952	1634
Shigella_patho_DEL	Upstream	1888	1685
Shigella_patho_CEF	Upstream	2409	2046
Shigella_soil_MER	Upstream	2703	1869
Shigella_patho_OMA	Upstream	1658	1422
Shigella_soil_ERA	Upstream	3799	1973
Shigella_patho_MER	Upstream	1319	1161
Shigella_gut_SUL	Upstream	1654	1166
Shigella_soil_APS	Upstream	1113	988
Shigella_gut_CEF	Upstream	2467	1635
Shigella_soil_CFD	Upstream	4177	1923
Salmonella_soil_GEP	Upstream	2241	2016
Shigella_soil_DEL	Upstream	1862	1562
Shigella_soil_GEP	Upstream	1315	1041
Shigella_soil_SUL	Upstream	1991	1430
Shigella_gut_DOX	Upstream	2769	2200
Shigella_soil_CEF	Upstream	1698	1319
Shigella_soil_GEN	Upstream	2554	2143
Shigella_soil_OMA	Upstream	1616	945
Shigella_soil_FOX	Upstream	5335	4610
Ecoli_gut_CFD	Downstream	1380	11
Ecoli_patho_GEN	Downstream	2067	16
Ecoli_gut_DOX	Downstream	1617	22
Ecoli_gut_DEL	Downstream	2095	21
Ecoli_gut_MOX	Downstream	1341	13
Ecoli_gut_GEP	Downstream	1449	25
Ecoli_gut_MER	Downstream	2150	19
Ecoli_patho_FOX	Downstream	1315	13
Ecoli_patho_CEF	Downstream	1973	19
Ecoli_soil_CEF	Downstream	1011	16
Ecoli_gut_CEF	Downstream	1441	168
Ecoli_patho_GEP	Downstream	1544	178
Ecoli_soil_DOX	Downstream	1720	21
Ecoli_patho_DOX	Downstream	2968	348
Ecoli_gut_PXB	Downstream	1450	6
Ecoli_patho_CFD	Downstream	1818	14
Ecoli_patho_DEL	Downstream	1438	6
Ecoli_patho_ERA	Downstream	1687	23
Klebsiella_gut_GEN	Downstream	1171	21
Ecoli_patho_MOX	Downstream	2979	550
Ecoli_patho_SUL	Downstream	1972	9
Ecoli_gut_ERA	Downstream	2397	13
Ecoli_gut_OMA	Downstream	3856	571
Klebsiella_gut_APS	Downstream	1786	5
Ecoli_patho_PXB	Downstream	1555	11
Klebsiella_gut_DEL	Downstream	1296	17
Klebsiella_gut_CFD	Downstream	3352	20
Ecoli_soil_MOX	Downstream	1679	15
Ecoli_soil_OMA	Downstream	1041	25
Klebsiella_gut_ERA	Downstream	963	12
Klebsiella_patho_DOX	Downstream	3728	7
Ecoli_soil_DEL	Downstream	1089	187
Ecoli_patho_MER	Downstream	2434	23
Klebsiella_patho_FOX	Downstream	3327	371
Klebsiella_patho_CFD	Downstream	1686	10
Klebsiella_soil_SUL	Downstream	2172	10
Ecoli_soil_MER	Downstream	1240	8
Ecoli_soil_GEP	Downstream	925	10
Klebsiella_gut_DOX	Downstream	2413	11
Klebsiella_soil_CFD	Downstream	1625	23
Klebsiella_gut_CEF	Downstream	4231	800
Ecoli_soil_FOX	Downstream	1564	26
Salmonella_gut_APS	Downstream	1313	19
Ecoli_soil_ERA	Downstream	725	9
Salmonella_patho_GEP	Downstream	1952	7
Ecoli_patho_OMA	Downstream	1474	11
Klebsiella_gut_FOX	Downstream	3721	312
Klebsiella_patho_SUL	Downstream	929	9
Klebsiella_soil_DEL	Downstream	2267	11
Klebsiella_gut_OMA	Downstream	2372	11
Ecoli_soil_APS	Downstream	2352	389
Klebsiella_soil_GEN	Downstream	3129	28
Klebsiella_patho_ERA	Downstream	2144	288
Klebsiella_soil_MER	Downstream	2532	13
Klebsiella_patho_DEL	Downstream	1631	19
Shigella_gut_APS	Downstream	1324	38
Klebsiella_soil_OMA	Downstream	1838	4
Salmonella_gut_GEP	Downstream	1779	19
Salmonella_soil_DEL	Downstream	2054	16
Klebsiella_soil_FOX	Downstream	4623	804
Ecoli_soil_CFD	Downstream	982	20
Klebsiella_gut_MOX	Downstream	1370	75
Klebsiella_patho_GEN	Downstream	1367	13
Salmonella_gut_DEL	Downstream	1898	15
Salmonella_gut_CFD	Downstream	1545	5
Klebsiella_soil_DOX	Downstream	3485	14
Klebsiella_soil_CEF	Downstream	3603	3
Klebsiella_patho_CEF	Downstream	1594	9
Shigella_patho_OMA	Downstream	1658	3
Ecoli_soil_PXB	Downstream	3001	891
Ecoli_soil_SUL	Downstream	3188	504
Klebsiella_gut_SUL	Downstream	2543	20
Salmonella_patho_DEL	Downstream	1836	16
Salmonella_soil_APS	Downstream	1787	30
Shigella_soil_OMA	Downstream	1616	257
Salmonella_patho_CFD	Downstream	2078	12
Salmonella_patho_CEF	Downstream	3127	288
Salmonella_gut_FOX	Downstream	1052	3
Klebsiella_soil_GEP	Downstream	2223	7
Klebsiella_soil_ERA	Downstream	3729	409
Shigella_soil_CFD	Downstream	4177	969
Salmonella_soil_GEP	Downstream	2241	29
Shigella_soil_DEL	Downstream	1862	25
Klebsiella_gut_GEP	Downstream	1104	17
Klebsiella_soil_APS	Downstream	1851	96
Salmonella_soil_CFD	Downstream	2104	10
Shigella_gut_CEF	Downstream	2467	246
Salmonella_patho_MOX	Downstream	1087	2
Salmonella_gut_DOX	Downstream	1452	11
Salmonella_gut_MOX	Downstream	1521	8
Shigella_gut_ERA	Downstream	1292	8
Shigella_soil_SUL	Downstream	1991	12
Shigella_gut_SUL	Downstream	1654	18
Shigella_soil_APS	Downstream	1113	10
Salmonella_gut_ERA	Downstream	2969	449
Klebsiella_patho_MER	Downstream	2818	11
Salmonella_soil_FOX	Downstream	1103	4
Shigella_soil_CEF	Downstream	1698	12
Klebsiella_patho_OMA	Downstream	1087	3
Shigella_patho_GEP	Downstream	1886	12
Salmonella_soil_MOX	Downstream	1569	6
Salmonella_patho_SUL	Downstream	1620	11
Klebsiella_patho_GEP	Downstream	1604	13
Klebsiella_soil_MOX	Downstream	1709	106
Salmonella_gut_GEN	Downstream	1509	16
Shigella_gut_MER	Downstream	2155	32
Salmonella_patho_GEN	Downstream	1353	7
Shigella_patho_DEL	Downstream	1888	23
Salmonella_gut_CEF	Downstream	2732	283
Salmonella_patho_MER	Downstream	1013	10
Klebsiella_patho_MOX	Downstream	1396	60
Salmonella_gut_OMA	Downstream	1979	23
Salmonella_patho_ERA	Downstream	1136	16
Shigella_patho_CFD	Downstream	1742	8
Salmonella_soil_DOX	Downstream	1737	21
Shigella_soil_GEN	Downstream	2554	25
Shigella_patho_MER	Downstream	1319	5
Shigella_patho_DOX	Downstream	1666	6
Shigella_gut_DOX	Downstream	2769	22
Salmonella_patho_DOX	Downstream	2104	15
Salmonella_soil_CEF	Downstream	2853	492
Shigella_patho_GEN	Downstream	1630	97
Shigella_patho_FOX	Downstream	2174	17
Shigella_patho_CEF	Downstream	2409	17
Shigella_soil_MER	Downstream	2703	28
Shigella_soil_GEP	Downstream	1315	16
Shigella_patho_ERA	Downstream	3419	227
Salmonella_patho_OMA	Downstream	2636	375
Shigella_patho_SUL	Downstream	1353	14
Salmonella_patho_FOX	Downstream	1296	80
Salmonella_soil_ERA	Downstream	3632	476
Salmonella_patho_APS	Downstream	1352	85
Salmonella_soil_OMA	Downstream	2764	17
Salmonella_soil_GEN	Downstream	1737	13
Shigella_soil_FOX	Downstream	5335	21
Shigella_patho_MOX	Downstream	3344	180
Shigella_soil_ERA	Downstream	3799	620
Shigella_gut_CFD	Downstream	4525	614
